"","file_B","file_C","cell_type","cell_type_class","tissue_class","disease_class","dataset_train","tissue_type","disease_type"
"1","/home/ubuntu/single_cell/more_pro/impute_protein_pipeline/train_reference_datasets/by_cell_type/file_B_SCANVI_latent_representation/file_B_B cell_TS_NI_2021_BM_all_cell_ref_combined_6_training_datasets_RNA_latent_representations_SCANVI_128dim_20230115.csv","/home/ubuntu/single_cell/more_pro/impute_protein_pipeline/train_reference_datasets/by_cell_type/ADT_CLR_file/file_C_B cell_TS_NI_2021_BM_all_cell_combined_6_training_datasets_ADT_CLR_20230115.csv","B cell",0,0,0,"TS_NI_2021_BM","bone marrow","healthy"
"2","/home/ubuntu/single_cell/more_pro/impute_protein_pipeline/train_reference_datasets/by_cell_type/file_B_SCANVI_latent_representation/file_B_B cell_GSM4972212_all_cell_ref_combined_6_training_datasets_RNA_latent_representations_SCANVI_128dim_20230115.csv","/home/ubuntu/single_cell/more_pro/impute_protein_pipeline/train_reference_datasets/by_cell_type/ADT_CLR_file/file_C_B cell_GSM4972212_all_cell_combined_6_training_datasets_ADT_CLR_20230115.csv","B cell",0,1,2,"GSM4972212","brain","glioblastoma"
"3","/home/ubuntu/single_cell/more_pro/impute_protein_pipeline/train_reference_datasets/by_cell_type/file_B_SCANVI_latent_representation/file_B_B cell_GSM5008738_all_cell_ref_combined_6_training_datasets_RNA_latent_representations_SCANVI_128dim_20230115.csv","/home/ubuntu/single_cell/more_pro/impute_protein_pipeline/train_reference_datasets/by_cell_type/ADT_CLR_file/file_C_B cell_GSM5008738_all_cell_combined_6_training_datasets_ADT_CLR_20230115.csv","B cell",0,2,0,"GSM5008738","blood","healthy"
"4","/home/ubuntu/single_cell/more_pro/impute_protein_pipeline/train_reference_datasets/by_cell_type/file_B_SCANVI_latent_representation/file_B_B cell_GSM5242793_all_cell_ref_combined_6_training_datasets_RNA_latent_representations_SCANVI_128dim_20230115.csv","/home/ubuntu/single_cell/more_pro/impute_protein_pipeline/train_reference_datasets/by_cell_type/ADT_CLR_file/file_C_B cell_GSM5242793_all_cell_combined_6_training_datasets_ADT_CLR_20230115.csv","B cell",0,4,1,"GSM5242793","peritoneum","mesothelioma"
"5","/home/ubuntu/single_cell/more_pro/impute_protein_pipeline/train_reference_datasets/by_cell_type/file_B_SCANVI_latent_representation/file_B_B cell_GSM5242791_all_cell_ref_combined_6_training_datasets_RNA_latent_representations_SCANVI_128dim_20230115.csv","/home/ubuntu/single_cell/more_pro/impute_protein_pipeline/train_reference_datasets/by_cell_type/ADT_CLR_file/file_C_B cell_GSM5242791_all_cell_combined_6_training_datasets_ADT_CLR_20230115.csv","B cell",0,3,1,"GSM5242791","pleura","mesothelioma"
"6","/home/ubuntu/single_cell/more_pro/impute_protein_pipeline/train_reference_datasets/by_cell_type/file_B_SCANVI_latent_representation/file_B_B cell_GSE143363_all_cell_ref_combined_6_training_datasets_RNA_latent_representations_SCANVI_128dim_20230115.csv","/home/ubuntu/single_cell/more_pro/impute_protein_pipeline/train_reference_datasets/by_cell_type/ADT_CLR_file/file_C_B cell_GSE143363_all_cell_combined_6_training_datasets_ADT_CLR_20230115.csv","B cell",0,0,3,"GSE143363","bone marrow","leukemia"
"7","/home/ubuntu/single_cell/more_pro/impute_protein_pipeline/train_reference_datasets/by_cell_type/file_B_SCANVI_latent_representation/file_B_CD34- Pre-B cell_TS_NI_2021_BM_all_cell_ref_combined_6_training_datasets_RNA_latent_representations_SCANVI_128dim_20230115.csv","/home/ubuntu/single_cell/more_pro/impute_protein_pipeline/train_reference_datasets/by_cell_type/ADT_CLR_file/file_C_CD34- Pre-B cell_TS_NI_2021_BM_all_cell_combined_6_training_datasets_ADT_CLR_20230115.csv","CD34- Pre-B cell",1,0,0,"TS_NI_2021_BM","bone marrow","healthy"
"8","/home/ubuntu/single_cell/more_pro/impute_protein_pipeline/train_reference_datasets/by_cell_type/file_B_SCANVI_latent_representation/file_B_CD34- Pre-B cell_GSM4972212_all_cell_ref_combined_6_training_datasets_RNA_latent_representations_SCANVI_128dim_20230115.csv","/home/ubuntu/single_cell/more_pro/impute_protein_pipeline/train_reference_datasets/by_cell_type/ADT_CLR_file/file_C_CD34- Pre-B cell_GSM4972212_all_cell_combined_6_training_datasets_ADT_CLR_20230115.csv","CD34- Pre-B cell",1,1,2,"GSM4972212","brain","glioblastoma"
"9","/home/ubuntu/single_cell/more_pro/impute_protein_pipeline/train_reference_datasets/by_cell_type/file_B_SCANVI_latent_representation/file_B_CD34- Pre-B cell_GSM5008738_all_cell_ref_combined_6_training_datasets_RNA_latent_representations_SCANVI_128dim_20230115.csv","/home/ubuntu/single_cell/more_pro/impute_protein_pipeline/train_reference_datasets/by_cell_type/ADT_CLR_file/file_C_CD34- Pre-B cell_GSM5008738_all_cell_combined_6_training_datasets_ADT_CLR_20230115.csv","CD34- Pre-B cell",1,2,0,"GSM5008738","blood","healthy"
"10","/home/ubuntu/single_cell/more_pro/impute_protein_pipeline/train_reference_datasets/by_cell_type/file_B_SCANVI_latent_representation/file_B_CD34- Pre-B cell_GSM5242793_all_cell_ref_combined_6_training_datasets_RNA_latent_representations_SCANVI_128dim_20230115.csv","/home/ubuntu/single_cell/more_pro/impute_protein_pipeline/train_reference_datasets/by_cell_type/ADT_CLR_file/file_C_CD34- Pre-B cell_GSM5242793_all_cell_combined_6_training_datasets_ADT_CLR_20230115.csv","CD34- Pre-B cell",1,4,1,"GSM5242793","peritoneum","mesothelioma"
"11","/home/ubuntu/single_cell/more_pro/impute_protein_pipeline/train_reference_datasets/by_cell_type/file_B_SCANVI_latent_representation/file_B_CD34- Pre-B cell_GSM5242791_all_cell_ref_combined_6_training_datasets_RNA_latent_representations_SCANVI_128dim_20230115.csv","/home/ubuntu/single_cell/more_pro/impute_protein_pipeline/train_reference_datasets/by_cell_type/ADT_CLR_file/file_C_CD34- Pre-B cell_GSM5242791_all_cell_combined_6_training_datasets_ADT_CLR_20230115.csv","CD34- Pre-B cell",1,3,1,"GSM5242791","pleura","mesothelioma"
"12","/home/ubuntu/single_cell/more_pro/impute_protein_pipeline/train_reference_datasets/by_cell_type/file_B_SCANVI_latent_representation/file_B_CD34- Pre-B cell_GSE143363_all_cell_ref_combined_6_training_datasets_RNA_latent_representations_SCANVI_128dim_20230115.csv","/home/ubuntu/single_cell/more_pro/impute_protein_pipeline/train_reference_datasets/by_cell_type/ADT_CLR_file/file_C_CD34- Pre-B cell_GSE143363_all_cell_combined_6_training_datasets_ADT_CLR_20230115.csv","CD34- Pre-B cell",1,0,3,"GSE143363","bone marrow","leukemia"
"13","/home/ubuntu/single_cell/more_pro/impute_protein_pipeline/train_reference_datasets/by_cell_type/file_B_SCANVI_latent_representation/file_B_CD34+ Pro-B cell_TS_NI_2021_BM_all_cell_ref_combined_6_training_datasets_RNA_latent_representations_SCANVI_128dim_20230115.csv","/home/ubuntu/single_cell/more_pro/impute_protein_pipeline/train_reference_datasets/by_cell_type/ADT_CLR_file/file_C_CD34+ Pro-B cell_TS_NI_2021_BM_all_cell_combined_6_training_datasets_ADT_CLR_20230115.csv","CD34+ Pro-B cell",2,0,0,"TS_NI_2021_BM","bone marrow","healthy"
"14","/home/ubuntu/single_cell/more_pro/impute_protein_pipeline/train_reference_datasets/by_cell_type/file_B_SCANVI_latent_representation/file_B_CD34+ Pro-B cell_GSM4972212_all_cell_ref_combined_6_training_datasets_RNA_latent_representations_SCANVI_128dim_20230115.csv","/home/ubuntu/single_cell/more_pro/impute_protein_pipeline/train_reference_datasets/by_cell_type/ADT_CLR_file/file_C_CD34+ Pro-B cell_GSM4972212_all_cell_combined_6_training_datasets_ADT_CLR_20230115.csv","CD34+ Pro-B cell",2,1,2,"GSM4972212","brain","glioblastoma"
"15","/home/ubuntu/single_cell/more_pro/impute_protein_pipeline/train_reference_datasets/by_cell_type/file_B_SCANVI_latent_representation/file_B_CD34+ Pro-B cell_GSM5008738_all_cell_ref_combined_6_training_datasets_RNA_latent_representations_SCANVI_128dim_20230115.csv","/home/ubuntu/single_cell/more_pro/impute_protein_pipeline/train_reference_datasets/by_cell_type/ADT_CLR_file/file_C_CD34+ Pro-B cell_GSM5008738_all_cell_combined_6_training_datasets_ADT_CLR_20230115.csv","CD34+ Pro-B cell",2,2,0,"GSM5008738","blood","healthy"
"16","/home/ubuntu/single_cell/more_pro/impute_protein_pipeline/train_reference_datasets/by_cell_type/file_B_SCANVI_latent_representation/file_B_CD34+ Pro-B cell_GSM5242793_all_cell_ref_combined_6_training_datasets_RNA_latent_representations_SCANVI_128dim_20230115.csv","/home/ubuntu/single_cell/more_pro/impute_protein_pipeline/train_reference_datasets/by_cell_type/ADT_CLR_file/file_C_CD34+ Pro-B cell_GSM5242793_all_cell_combined_6_training_datasets_ADT_CLR_20230115.csv","CD34+ Pro-B cell",2,4,1,"GSM5242793","peritoneum","mesothelioma"
"17","/home/ubuntu/single_cell/more_pro/impute_protein_pipeline/train_reference_datasets/by_cell_type/file_B_SCANVI_latent_representation/file_B_CD34+ Pro-B cell_GSM5242791_all_cell_ref_combined_6_training_datasets_RNA_latent_representations_SCANVI_128dim_20230115.csv","/home/ubuntu/single_cell/more_pro/impute_protein_pipeline/train_reference_datasets/by_cell_type/ADT_CLR_file/file_C_CD34+ Pro-B cell_GSM5242791_all_cell_combined_6_training_datasets_ADT_CLR_20230115.csv","CD34+ Pro-B cell",2,3,1,"GSM5242791","pleura","mesothelioma"
"18","/home/ubuntu/single_cell/more_pro/impute_protein_pipeline/train_reference_datasets/by_cell_type/file_B_SCANVI_latent_representation/file_B_CD4+ T cell_TS_NI_2021_BM_all_cell_ref_combined_6_training_datasets_RNA_latent_representations_SCANVI_128dim_20230115.csv","/home/ubuntu/single_cell/more_pro/impute_protein_pipeline/train_reference_datasets/by_cell_type/ADT_CLR_file/file_C_CD4+ T cell_TS_NI_2021_BM_all_cell_combined_6_training_datasets_ADT_CLR_20230115.csv","CD4+ T cell",3,0,0,"TS_NI_2021_BM","bone marrow","healthy"
"19","/home/ubuntu/single_cell/more_pro/impute_protein_pipeline/train_reference_datasets/by_cell_type/file_B_SCANVI_latent_representation/file_B_CD4+ T cell_GSM4972212_all_cell_ref_combined_6_training_datasets_RNA_latent_representations_SCANVI_128dim_20230115.csv","/home/ubuntu/single_cell/more_pro/impute_protein_pipeline/train_reference_datasets/by_cell_type/ADT_CLR_file/file_C_CD4+ T cell_GSM4972212_all_cell_combined_6_training_datasets_ADT_CLR_20230115.csv","CD4+ T cell",3,1,2,"GSM4972212","brain","glioblastoma"
"20","/home/ubuntu/single_cell/more_pro/impute_protein_pipeline/train_reference_datasets/by_cell_type/file_B_SCANVI_latent_representation/file_B_CD4+ T cell_GSM5008738_all_cell_ref_combined_6_training_datasets_RNA_latent_representations_SCANVI_128dim_20230115.csv","/home/ubuntu/single_cell/more_pro/impute_protein_pipeline/train_reference_datasets/by_cell_type/ADT_CLR_file/file_C_CD4+ T cell_GSM5008738_all_cell_combined_6_training_datasets_ADT_CLR_20230115.csv","CD4+ T cell",3,2,0,"GSM5008738","blood","healthy"
"21","/home/ubuntu/single_cell/more_pro/impute_protein_pipeline/train_reference_datasets/by_cell_type/file_B_SCANVI_latent_representation/file_B_CD4+ T cell_GSM5242793_all_cell_ref_combined_6_training_datasets_RNA_latent_representations_SCANVI_128dim_20230115.csv","/home/ubuntu/single_cell/more_pro/impute_protein_pipeline/train_reference_datasets/by_cell_type/ADT_CLR_file/file_C_CD4+ T cell_GSM5242793_all_cell_combined_6_training_datasets_ADT_CLR_20230115.csv","CD4+ T cell",3,4,1,"GSM5242793","peritoneum","mesothelioma"
"22","/home/ubuntu/single_cell/more_pro/impute_protein_pipeline/train_reference_datasets/by_cell_type/file_B_SCANVI_latent_representation/file_B_CD4+ T cell_GSM5242791_all_cell_ref_combined_6_training_datasets_RNA_latent_representations_SCANVI_128dim_20230115.csv","/home/ubuntu/single_cell/more_pro/impute_protein_pipeline/train_reference_datasets/by_cell_type/ADT_CLR_file/file_C_CD4+ T cell_GSM5242791_all_cell_combined_6_training_datasets_ADT_CLR_20230115.csv","CD4+ T cell",3,3,1,"GSM5242791","pleura","mesothelioma"
"23","/home/ubuntu/single_cell/more_pro/impute_protein_pipeline/train_reference_datasets/by_cell_type/file_B_SCANVI_latent_representation/file_B_CD4+ T cell_GSE143363_all_cell_ref_combined_6_training_datasets_RNA_latent_representations_SCANVI_128dim_20230115.csv","/home/ubuntu/single_cell/more_pro/impute_protein_pipeline/train_reference_datasets/by_cell_type/ADT_CLR_file/file_C_CD4+ T cell_GSE143363_all_cell_combined_6_training_datasets_ADT_CLR_20230115.csv","CD4+ T cell",3,0,3,"GSE143363","bone marrow","leukemia"
"24","/home/ubuntu/single_cell/more_pro/impute_protein_pipeline/train_reference_datasets/by_cell_type/file_B_SCANVI_latent_representation/file_B_CD8+ T cell_TS_NI_2021_BM_all_cell_ref_combined_6_training_datasets_RNA_latent_representations_SCANVI_128dim_20230115.csv","/home/ubuntu/single_cell/more_pro/impute_protein_pipeline/train_reference_datasets/by_cell_type/ADT_CLR_file/file_C_CD8+ T cell_TS_NI_2021_BM_all_cell_combined_6_training_datasets_ADT_CLR_20230115.csv","CD8+ T cell",4,0,0,"TS_NI_2021_BM","bone marrow","healthy"
"25","/home/ubuntu/single_cell/more_pro/impute_protein_pipeline/train_reference_datasets/by_cell_type/file_B_SCANVI_latent_representation/file_B_CD8+ T cell_GSM4972212_all_cell_ref_combined_6_training_datasets_RNA_latent_representations_SCANVI_128dim_20230115.csv","/home/ubuntu/single_cell/more_pro/impute_protein_pipeline/train_reference_datasets/by_cell_type/ADT_CLR_file/file_C_CD8+ T cell_GSM4972212_all_cell_combined_6_training_datasets_ADT_CLR_20230115.csv","CD8+ T cell",4,1,2,"GSM4972212","brain","glioblastoma"
"26","/home/ubuntu/single_cell/more_pro/impute_protein_pipeline/train_reference_datasets/by_cell_type/file_B_SCANVI_latent_representation/file_B_CD8+ T cell_GSM5008738_all_cell_ref_combined_6_training_datasets_RNA_latent_representations_SCANVI_128dim_20230115.csv","/home/ubuntu/single_cell/more_pro/impute_protein_pipeline/train_reference_datasets/by_cell_type/ADT_CLR_file/file_C_CD8+ T cell_GSM5008738_all_cell_combined_6_training_datasets_ADT_CLR_20230115.csv","CD8+ T cell",4,2,0,"GSM5008738","blood","healthy"
"27","/home/ubuntu/single_cell/more_pro/impute_protein_pipeline/train_reference_datasets/by_cell_type/file_B_SCANVI_latent_representation/file_B_CD8+ T cell_GSM5242793_all_cell_ref_combined_6_training_datasets_RNA_latent_representations_SCANVI_128dim_20230115.csv","/home/ubuntu/single_cell/more_pro/impute_protein_pipeline/train_reference_datasets/by_cell_type/ADT_CLR_file/file_C_CD8+ T cell_GSM5242793_all_cell_combined_6_training_datasets_ADT_CLR_20230115.csv","CD8+ T cell",4,4,1,"GSM5242793","peritoneum","mesothelioma"
"28","/home/ubuntu/single_cell/more_pro/impute_protein_pipeline/train_reference_datasets/by_cell_type/file_B_SCANVI_latent_representation/file_B_CD8+ T cell_GSM5242791_all_cell_ref_combined_6_training_datasets_RNA_latent_representations_SCANVI_128dim_20230115.csv","/home/ubuntu/single_cell/more_pro/impute_protein_pipeline/train_reference_datasets/by_cell_type/ADT_CLR_file/file_C_CD8+ T cell_GSM5242791_all_cell_combined_6_training_datasets_ADT_CLR_20230115.csv","CD8+ T cell",4,3,1,"GSM5242791","pleura","mesothelioma"
"29","/home/ubuntu/single_cell/more_pro/impute_protein_pipeline/train_reference_datasets/by_cell_type/file_B_SCANVI_latent_representation/file_B_CD8+ T cell_GSE143363_all_cell_ref_combined_6_training_datasets_RNA_latent_representations_SCANVI_128dim_20230115.csv","/home/ubuntu/single_cell/more_pro/impute_protein_pipeline/train_reference_datasets/by_cell_type/ADT_CLR_file/file_C_CD8+ T cell_GSE143363_all_cell_combined_6_training_datasets_ADT_CLR_20230115.csv","CD8+ T cell",4,0,3,"GSE143363","bone marrow","leukemia"
"30","/home/ubuntu/single_cell/more_pro/impute_protein_pipeline/train_reference_datasets/by_cell_type/file_B_SCANVI_latent_representation/file_B_CMP_TS_NI_2021_BM_all_cell_ref_combined_6_training_datasets_RNA_latent_representations_SCANVI_128dim_20230115.csv","/home/ubuntu/single_cell/more_pro/impute_protein_pipeline/train_reference_datasets/by_cell_type/ADT_CLR_file/file_C_CMP_TS_NI_2021_BM_all_cell_combined_6_training_datasets_ADT_CLR_20230115.csv","CMP",5,0,0,"TS_NI_2021_BM","bone marrow","healthy"
"31","/home/ubuntu/single_cell/more_pro/impute_protein_pipeline/train_reference_datasets/by_cell_type/file_B_SCANVI_latent_representation/file_B_CMP_GSM4972212_all_cell_ref_combined_6_training_datasets_RNA_latent_representations_SCANVI_128dim_20230115.csv","/home/ubuntu/single_cell/more_pro/impute_protein_pipeline/train_reference_datasets/by_cell_type/ADT_CLR_file/file_C_CMP_GSM4972212_all_cell_combined_6_training_datasets_ADT_CLR_20230115.csv","CMP",5,1,2,"GSM4972212","brain","glioblastoma"
"32","/home/ubuntu/single_cell/more_pro/impute_protein_pipeline/train_reference_datasets/by_cell_type/file_B_SCANVI_latent_representation/file_B_CMP_GSM5008738_all_cell_ref_combined_6_training_datasets_RNA_latent_representations_SCANVI_128dim_20230115.csv","/home/ubuntu/single_cell/more_pro/impute_protein_pipeline/train_reference_datasets/by_cell_type/ADT_CLR_file/file_C_CMP_GSM5008738_all_cell_combined_6_training_datasets_ADT_CLR_20230115.csv","CMP",5,2,0,"GSM5008738","blood","healthy"
"33","/home/ubuntu/single_cell/more_pro/impute_protein_pipeline/train_reference_datasets/by_cell_type/file_B_SCANVI_latent_representation/file_B_CMP_GSM5242793_all_cell_ref_combined_6_training_datasets_RNA_latent_representations_SCANVI_128dim_20230115.csv","/home/ubuntu/single_cell/more_pro/impute_protein_pipeline/train_reference_datasets/by_cell_type/ADT_CLR_file/file_C_CMP_GSM5242793_all_cell_combined_6_training_datasets_ADT_CLR_20230115.csv","CMP",5,4,1,"GSM5242793","peritoneum","mesothelioma"
"34","/home/ubuntu/single_cell/more_pro/impute_protein_pipeline/train_reference_datasets/by_cell_type/file_B_SCANVI_latent_representation/file_B_CMP_GSM5242791_all_cell_ref_combined_6_training_datasets_RNA_latent_representations_SCANVI_128dim_20230115.csv","/home/ubuntu/single_cell/more_pro/impute_protein_pipeline/train_reference_datasets/by_cell_type/ADT_CLR_file/file_C_CMP_GSM5242791_all_cell_combined_6_training_datasets_ADT_CLR_20230115.csv","CMP",5,3,1,"GSM5242791","pleura","mesothelioma"
"35","/home/ubuntu/single_cell/more_pro/impute_protein_pipeline/train_reference_datasets/by_cell_type/file_B_SCANVI_latent_representation/file_B_CMP_GSE143363_all_cell_ref_combined_6_training_datasets_RNA_latent_representations_SCANVI_128dim_20230115.csv","/home/ubuntu/single_cell/more_pro/impute_protein_pipeline/train_reference_datasets/by_cell_type/ADT_CLR_file/file_C_CMP_GSE143363_all_cell_combined_6_training_datasets_ADT_CLR_20230115.csv","CMP",5,0,3,"GSE143363","bone marrow","leukemia"
"36","/home/ubuntu/single_cell/more_pro/impute_protein_pipeline/train_reference_datasets/by_cell_type/file_B_SCANVI_latent_representation/file_B_Dendritic cell_GSM4972212_all_cell_ref_combined_6_training_datasets_RNA_latent_representations_SCANVI_128dim_20230115.csv","/home/ubuntu/single_cell/more_pro/impute_protein_pipeline/train_reference_datasets/by_cell_type/ADT_CLR_file/file_C_Dendritic cell_GSM4972212_all_cell_combined_6_training_datasets_ADT_CLR_20230115.csv","Dendritic cell",6,1,2,"GSM4972212","brain","glioblastoma"
"37","/home/ubuntu/single_cell/more_pro/impute_protein_pipeline/train_reference_datasets/by_cell_type/file_B_SCANVI_latent_representation/file_B_Dendritic cell_GSM5008738_all_cell_ref_combined_6_training_datasets_RNA_latent_representations_SCANVI_128dim_20230115.csv","/home/ubuntu/single_cell/more_pro/impute_protein_pipeline/train_reference_datasets/by_cell_type/ADT_CLR_file/file_C_Dendritic cell_GSM5008738_all_cell_combined_6_training_datasets_ADT_CLR_20230115.csv","Dendritic cell",6,2,0,"GSM5008738","blood","healthy"
"38","/home/ubuntu/single_cell/more_pro/impute_protein_pipeline/train_reference_datasets/by_cell_type/file_B_SCANVI_latent_representation/file_B_Dendritic cell_GSM5242793_all_cell_ref_combined_6_training_datasets_RNA_latent_representations_SCANVI_128dim_20230115.csv","/home/ubuntu/single_cell/more_pro/impute_protein_pipeline/train_reference_datasets/by_cell_type/ADT_CLR_file/file_C_Dendritic cell_GSM5242793_all_cell_combined_6_training_datasets_ADT_CLR_20230115.csv","Dendritic cell",6,4,1,"GSM5242793","peritoneum","mesothelioma"
"39","/home/ubuntu/single_cell/more_pro/impute_protein_pipeline/train_reference_datasets/by_cell_type/file_B_SCANVI_latent_representation/file_B_Dendritic cell_GSM5242791_all_cell_ref_combined_6_training_datasets_RNA_latent_representations_SCANVI_128dim_20230115.csv","/home/ubuntu/single_cell/more_pro/impute_protein_pipeline/train_reference_datasets/by_cell_type/ADT_CLR_file/file_C_Dendritic cell_GSM5242791_all_cell_combined_6_training_datasets_ADT_CLR_20230115.csv","Dendritic cell",6,3,1,"GSM5242791","pleura","mesothelioma"
"40","/home/ubuntu/single_cell/more_pro/impute_protein_pipeline/train_reference_datasets/by_cell_type/file_B_SCANVI_latent_representation/file_B_Erythroblast_TS_NI_2021_BM_all_cell_ref_combined_6_training_datasets_RNA_latent_representations_SCANVI_128dim_20230115.csv","/home/ubuntu/single_cell/more_pro/impute_protein_pipeline/train_reference_datasets/by_cell_type/ADT_CLR_file/file_C_Erythroblast_TS_NI_2021_BM_all_cell_combined_6_training_datasets_ADT_CLR_20230115.csv","Erythroblast",7,0,0,"TS_NI_2021_BM","bone marrow","healthy"
"41","/home/ubuntu/single_cell/more_pro/impute_protein_pipeline/train_reference_datasets/by_cell_type/file_B_SCANVI_latent_representation/file_B_Erythroblast_GSM5008738_all_cell_ref_combined_6_training_datasets_RNA_latent_representations_SCANVI_128dim_20230115.csv","/home/ubuntu/single_cell/more_pro/impute_protein_pipeline/train_reference_datasets/by_cell_type/ADT_CLR_file/file_C_Erythroblast_GSM5008738_all_cell_combined_6_training_datasets_ADT_CLR_20230115.csv","Erythroblast",7,2,0,"GSM5008738","blood","healthy"
"42","/home/ubuntu/single_cell/more_pro/impute_protein_pipeline/train_reference_datasets/by_cell_type/file_B_SCANVI_latent_representation/file_B_Erythroblast_GSE143363_all_cell_ref_combined_6_training_datasets_RNA_latent_representations_SCANVI_128dim_20230115.csv","/home/ubuntu/single_cell/more_pro/impute_protein_pipeline/train_reference_datasets/by_cell_type/ADT_CLR_file/file_C_Erythroblast_GSE143363_all_cell_combined_6_training_datasets_ADT_CLR_20230115.csv","Erythroblast",7,0,3,"GSE143363","bone marrow","leukemia"
"43","/home/ubuntu/single_cell/more_pro/impute_protein_pipeline/train_reference_datasets/by_cell_type/file_B_SCANVI_latent_representation/file_B_gamma-delta T cell_TS_NI_2021_BM_all_cell_ref_combined_6_training_datasets_RNA_latent_representations_SCANVI_128dim_20230115.csv","/home/ubuntu/single_cell/more_pro/impute_protein_pipeline/train_reference_datasets/by_cell_type/ADT_CLR_file/file_C_gamma-delta T cell_TS_NI_2021_BM_all_cell_combined_6_training_datasets_ADT_CLR_20230115.csv","gamma-delta T cell",8,0,0,"TS_NI_2021_BM","bone marrow","healthy"
"44","/home/ubuntu/single_cell/more_pro/impute_protein_pipeline/train_reference_datasets/by_cell_type/file_B_SCANVI_latent_representation/file_B_gamma-delta T cell_GSM4972212_all_cell_ref_combined_6_training_datasets_RNA_latent_representations_SCANVI_128dim_20230115.csv","/home/ubuntu/single_cell/more_pro/impute_protein_pipeline/train_reference_datasets/by_cell_type/ADT_CLR_file/file_C_gamma-delta T cell_GSM4972212_all_cell_combined_6_training_datasets_ADT_CLR_20230115.csv","gamma-delta T cell",8,1,2,"GSM4972212","brain","glioblastoma"
"45","/home/ubuntu/single_cell/more_pro/impute_protein_pipeline/train_reference_datasets/by_cell_type/file_B_SCANVI_latent_representation/file_B_gamma-delta T cell_GSM5008738_all_cell_ref_combined_6_training_datasets_RNA_latent_representations_SCANVI_128dim_20230115.csv","/home/ubuntu/single_cell/more_pro/impute_protein_pipeline/train_reference_datasets/by_cell_type/ADT_CLR_file/file_C_gamma-delta T cell_GSM5008738_all_cell_combined_6_training_datasets_ADT_CLR_20230115.csv","gamma-delta T cell",8,2,0,"GSM5008738","blood","healthy"
"46","/home/ubuntu/single_cell/more_pro/impute_protein_pipeline/train_reference_datasets/by_cell_type/file_B_SCANVI_latent_representation/file_B_gamma-delta T cell_GSM5242793_all_cell_ref_combined_6_training_datasets_RNA_latent_representations_SCANVI_128dim_20230115.csv","/home/ubuntu/single_cell/more_pro/impute_protein_pipeline/train_reference_datasets/by_cell_type/ADT_CLR_file/file_C_gamma-delta T cell_GSM5242793_all_cell_combined_6_training_datasets_ADT_CLR_20230115.csv","gamma-delta T cell",8,4,1,"GSM5242793","peritoneum","mesothelioma"
"47","/home/ubuntu/single_cell/more_pro/impute_protein_pipeline/train_reference_datasets/by_cell_type/file_B_SCANVI_latent_representation/file_B_gamma-delta T cell_GSM5242791_all_cell_ref_combined_6_training_datasets_RNA_latent_representations_SCANVI_128dim_20230115.csv","/home/ubuntu/single_cell/more_pro/impute_protein_pipeline/train_reference_datasets/by_cell_type/ADT_CLR_file/file_C_gamma-delta T cell_GSM5242791_all_cell_combined_6_training_datasets_ADT_CLR_20230115.csv","gamma-delta T cell",8,3,1,"GSM5242791","pleura","mesothelioma"
"48","/home/ubuntu/single_cell/more_pro/impute_protein_pipeline/train_reference_datasets/by_cell_type/file_B_SCANVI_latent_representation/file_B_GMP_TS_NI_2021_BM_all_cell_ref_combined_6_training_datasets_RNA_latent_representations_SCANVI_128dim_20230115.csv","/home/ubuntu/single_cell/more_pro/impute_protein_pipeline/train_reference_datasets/by_cell_type/ADT_CLR_file/file_C_GMP_TS_NI_2021_BM_all_cell_combined_6_training_datasets_ADT_CLR_20230115.csv","GMP",9,0,0,"TS_NI_2021_BM","bone marrow","healthy"
"49","/home/ubuntu/single_cell/more_pro/impute_protein_pipeline/train_reference_datasets/by_cell_type/file_B_SCANVI_latent_representation/file_B_GMP_GSM4972212_all_cell_ref_combined_6_training_datasets_RNA_latent_representations_SCANVI_128dim_20230115.csv","/home/ubuntu/single_cell/more_pro/impute_protein_pipeline/train_reference_datasets/by_cell_type/ADT_CLR_file/file_C_GMP_GSM4972212_all_cell_combined_6_training_datasets_ADT_CLR_20230115.csv","GMP",9,1,2,"GSM4972212","brain","glioblastoma"
"50","/home/ubuntu/single_cell/more_pro/impute_protein_pipeline/train_reference_datasets/by_cell_type/file_B_SCANVI_latent_representation/file_B_GMP_GSM5008738_all_cell_ref_combined_6_training_datasets_RNA_latent_representations_SCANVI_128dim_20230115.csv","/home/ubuntu/single_cell/more_pro/impute_protein_pipeline/train_reference_datasets/by_cell_type/ADT_CLR_file/file_C_GMP_GSM5008738_all_cell_combined_6_training_datasets_ADT_CLR_20230115.csv","GMP",9,2,0,"GSM5008738","blood","healthy"
"51","/home/ubuntu/single_cell/more_pro/impute_protein_pipeline/train_reference_datasets/by_cell_type/file_B_SCANVI_latent_representation/file_B_GMP_GSM5242793_all_cell_ref_combined_6_training_datasets_RNA_latent_representations_SCANVI_128dim_20230115.csv","/home/ubuntu/single_cell/more_pro/impute_protein_pipeline/train_reference_datasets/by_cell_type/ADT_CLR_file/file_C_GMP_GSM5242793_all_cell_combined_6_training_datasets_ADT_CLR_20230115.csv","GMP",9,4,1,"GSM5242793","peritoneum","mesothelioma"
"52","/home/ubuntu/single_cell/more_pro/impute_protein_pipeline/train_reference_datasets/by_cell_type/file_B_SCANVI_latent_representation/file_B_GMP_GSM5242791_all_cell_ref_combined_6_training_datasets_RNA_latent_representations_SCANVI_128dim_20230115.csv","/home/ubuntu/single_cell/more_pro/impute_protein_pipeline/train_reference_datasets/by_cell_type/ADT_CLR_file/file_C_GMP_GSM5242791_all_cell_combined_6_training_datasets_ADT_CLR_20230115.csv","GMP",9,3,1,"GSM5242791","pleura","mesothelioma"
"53","/home/ubuntu/single_cell/more_pro/impute_protein_pipeline/train_reference_datasets/by_cell_type/file_B_SCANVI_latent_representation/file_B_GMP_GSE143363_all_cell_ref_combined_6_training_datasets_RNA_latent_representations_SCANVI_128dim_20230115.csv","/home/ubuntu/single_cell/more_pro/impute_protein_pipeline/train_reference_datasets/by_cell_type/ADT_CLR_file/file_C_GMP_GSE143363_all_cell_combined_6_training_datasets_ADT_CLR_20230115.csv","GMP",9,0,3,"GSE143363","bone marrow","leukemia"
"54","/home/ubuntu/single_cell/more_pro/impute_protein_pipeline/train_reference_datasets/by_cell_type/file_B_SCANVI_latent_representation/file_B_Macrophage_GSM4972212_all_cell_ref_combined_6_training_datasets_RNA_latent_representations_SCANVI_128dim_20230115.csv","/home/ubuntu/single_cell/more_pro/impute_protein_pipeline/train_reference_datasets/by_cell_type/ADT_CLR_file/file_C_Macrophage_GSM4972212_all_cell_combined_6_training_datasets_ADT_CLR_20230115.csv","Macrophage",10,1,2,"GSM4972212","brain","glioblastoma"
"55","/home/ubuntu/single_cell/more_pro/impute_protein_pipeline/train_reference_datasets/by_cell_type/file_B_SCANVI_latent_representation/file_B_Macrophage_GSM5008738_all_cell_ref_combined_6_training_datasets_RNA_latent_representations_SCANVI_128dim_20230115.csv","/home/ubuntu/single_cell/more_pro/impute_protein_pipeline/train_reference_datasets/by_cell_type/ADT_CLR_file/file_C_Macrophage_GSM5008738_all_cell_combined_6_training_datasets_ADT_CLR_20230115.csv","Macrophage",10,2,0,"GSM5008738","blood","healthy"
"56","/home/ubuntu/single_cell/more_pro/impute_protein_pipeline/train_reference_datasets/by_cell_type/file_B_SCANVI_latent_representation/file_B_Macrophage_GSM5242793_all_cell_ref_combined_6_training_datasets_RNA_latent_representations_SCANVI_128dim_20230115.csv","/home/ubuntu/single_cell/more_pro/impute_protein_pipeline/train_reference_datasets/by_cell_type/ADT_CLR_file/file_C_Macrophage_GSM5242793_all_cell_combined_6_training_datasets_ADT_CLR_20230115.csv","Macrophage",10,4,1,"GSM5242793","peritoneum","mesothelioma"
"57","/home/ubuntu/single_cell/more_pro/impute_protein_pipeline/train_reference_datasets/by_cell_type/file_B_SCANVI_latent_representation/file_B_Macrophage_GSM5242791_all_cell_ref_combined_6_training_datasets_RNA_latent_representations_SCANVI_128dim_20230115.csv","/home/ubuntu/single_cell/more_pro/impute_protein_pipeline/train_reference_datasets/by_cell_type/ADT_CLR_file/file_C_Macrophage_GSM5242791_all_cell_combined_6_training_datasets_ADT_CLR_20230115.csv","Macrophage",10,3,1,"GSM5242791","pleura","mesothelioma"
"58","/home/ubuntu/single_cell/more_pro/impute_protein_pipeline/train_reference_datasets/by_cell_type/file_B_SCANVI_latent_representation/file_B_Monocyte_TS_NI_2021_BM_all_cell_ref_combined_6_training_datasets_RNA_latent_representations_SCANVI_128dim_20230115.csv","/home/ubuntu/single_cell/more_pro/impute_protein_pipeline/train_reference_datasets/by_cell_type/ADT_CLR_file/file_C_Monocyte_TS_NI_2021_BM_all_cell_combined_6_training_datasets_ADT_CLR_20230115.csv","Monocyte",11,0,0,"TS_NI_2021_BM","bone marrow","healthy"
"59","/home/ubuntu/single_cell/more_pro/impute_protein_pipeline/train_reference_datasets/by_cell_type/file_B_SCANVI_latent_representation/file_B_Monocyte_GSM4972212_all_cell_ref_combined_6_training_datasets_RNA_latent_representations_SCANVI_128dim_20230115.csv","/home/ubuntu/single_cell/more_pro/impute_protein_pipeline/train_reference_datasets/by_cell_type/ADT_CLR_file/file_C_Monocyte_GSM4972212_all_cell_combined_6_training_datasets_ADT_CLR_20230115.csv","Monocyte",11,1,2,"GSM4972212","brain","glioblastoma"
"60","/home/ubuntu/single_cell/more_pro/impute_protein_pipeline/train_reference_datasets/by_cell_type/file_B_SCANVI_latent_representation/file_B_Monocyte_GSM5008738_all_cell_ref_combined_6_training_datasets_RNA_latent_representations_SCANVI_128dim_20230115.csv","/home/ubuntu/single_cell/more_pro/impute_protein_pipeline/train_reference_datasets/by_cell_type/ADT_CLR_file/file_C_Monocyte_GSM5008738_all_cell_combined_6_training_datasets_ADT_CLR_20230115.csv","Monocyte",11,2,0,"GSM5008738","blood","healthy"
"61","/home/ubuntu/single_cell/more_pro/impute_protein_pipeline/train_reference_datasets/by_cell_type/file_B_SCANVI_latent_representation/file_B_Monocyte_GSM5242793_all_cell_ref_combined_6_training_datasets_RNA_latent_representations_SCANVI_128dim_20230115.csv","/home/ubuntu/single_cell/more_pro/impute_protein_pipeline/train_reference_datasets/by_cell_type/ADT_CLR_file/file_C_Monocyte_GSM5242793_all_cell_combined_6_training_datasets_ADT_CLR_20230115.csv","Monocyte",11,4,1,"GSM5242793","peritoneum","mesothelioma"
"62","/home/ubuntu/single_cell/more_pro/impute_protein_pipeline/train_reference_datasets/by_cell_type/file_B_SCANVI_latent_representation/file_B_Monocyte_GSM5242791_all_cell_ref_combined_6_training_datasets_RNA_latent_representations_SCANVI_128dim_20230115.csv","/home/ubuntu/single_cell/more_pro/impute_protein_pipeline/train_reference_datasets/by_cell_type/ADT_CLR_file/file_C_Monocyte_GSM5242791_all_cell_combined_6_training_datasets_ADT_CLR_20230115.csv","Monocyte",11,3,1,"GSM5242791","pleura","mesothelioma"
"63","/home/ubuntu/single_cell/more_pro/impute_protein_pipeline/train_reference_datasets/by_cell_type/file_B_SCANVI_latent_representation/file_B_Monocyte_GSE143363_all_cell_ref_combined_6_training_datasets_RNA_latent_representations_SCANVI_128dim_20230115.csv","/home/ubuntu/single_cell/more_pro/impute_protein_pipeline/train_reference_datasets/by_cell_type/ADT_CLR_file/file_C_Monocyte_GSE143363_all_cell_combined_6_training_datasets_ADT_CLR_20230115.csv","Monocyte",11,0,3,"GSE143363","bone marrow","leukemia"
"64","/home/ubuntu/single_cell/more_pro/impute_protein_pipeline/train_reference_datasets/by_cell_type/file_B_SCANVI_latent_representation/file_B_Myelocyte_GSE143363_all_cell_ref_combined_6_training_datasets_RNA_latent_representations_SCANVI_128dim_20230115.csv","/home/ubuntu/single_cell/more_pro/impute_protein_pipeline/train_reference_datasets/by_cell_type/ADT_CLR_file/file_C_Myelocyte_GSE143363_all_cell_combined_6_training_datasets_ADT_CLR_20230115.csv","Myelocyte",12,0,3,"GSE143363","bone marrow","leukemia"
"65","/home/ubuntu/single_cell/more_pro/impute_protein_pipeline/train_reference_datasets/by_cell_type/file_B_SCANVI_latent_representation/file_B_Neutrophil_GSM4972212_all_cell_ref_combined_6_training_datasets_RNA_latent_representations_SCANVI_128dim_20230115.csv","/home/ubuntu/single_cell/more_pro/impute_protein_pipeline/train_reference_datasets/by_cell_type/ADT_CLR_file/file_C_Neutrophil_GSM4972212_all_cell_combined_6_training_datasets_ADT_CLR_20230115.csv","Neutrophil",13,1,2,"GSM4972212","brain","glioblastoma"
"66","/home/ubuntu/single_cell/more_pro/impute_protein_pipeline/train_reference_datasets/by_cell_type/file_B_SCANVI_latent_representation/file_B_Neutrophil_GSM5008738_all_cell_ref_combined_6_training_datasets_RNA_latent_representations_SCANVI_128dim_20230115.csv","/home/ubuntu/single_cell/more_pro/impute_protein_pipeline/train_reference_datasets/by_cell_type/ADT_CLR_file/file_C_Neutrophil_GSM5008738_all_cell_combined_6_training_datasets_ADT_CLR_20230115.csv","Neutrophil",13,2,0,"GSM5008738","blood","healthy"
"67","/home/ubuntu/single_cell/more_pro/impute_protein_pipeline/train_reference_datasets/by_cell_type/file_B_SCANVI_latent_representation/file_B_Neutrophil_GSM5242793_all_cell_ref_combined_6_training_datasets_RNA_latent_representations_SCANVI_128dim_20230115.csv","/home/ubuntu/single_cell/more_pro/impute_protein_pipeline/train_reference_datasets/by_cell_type/ADT_CLR_file/file_C_Neutrophil_GSM5242793_all_cell_combined_6_training_datasets_ADT_CLR_20230115.csv","Neutrophil",13,4,1,"GSM5242793","peritoneum","mesothelioma"
"68","/home/ubuntu/single_cell/more_pro/impute_protein_pipeline/train_reference_datasets/by_cell_type/file_B_SCANVI_latent_representation/file_B_Neutrophil_GSM5242791_all_cell_ref_combined_6_training_datasets_RNA_latent_representations_SCANVI_128dim_20230115.csv","/home/ubuntu/single_cell/more_pro/impute_protein_pipeline/train_reference_datasets/by_cell_type/ADT_CLR_file/file_C_Neutrophil_GSM5242791_all_cell_combined_6_training_datasets_ADT_CLR_20230115.csv","Neutrophil",13,3,1,"GSM5242791","pleura","mesothelioma"
"69","/home/ubuntu/single_cell/more_pro/impute_protein_pipeline/train_reference_datasets/by_cell_type/file_B_SCANVI_latent_representation/file_B_Neutrophil_GSE143363_all_cell_ref_combined_6_training_datasets_RNA_latent_representations_SCANVI_128dim_20230115.csv","/home/ubuntu/single_cell/more_pro/impute_protein_pipeline/train_reference_datasets/by_cell_type/ADT_CLR_file/file_C_Neutrophil_GSE143363_all_cell_combined_6_training_datasets_ADT_CLR_20230115.csv","Neutrophil",13,0,3,"GSE143363","bone marrow","leukemia"
"70","/home/ubuntu/single_cell/more_pro/impute_protein_pipeline/train_reference_datasets/by_cell_type/file_B_SCANVI_latent_representation/file_B_NK cell_TS_NI_2021_BM_all_cell_ref_combined_6_training_datasets_RNA_latent_representations_SCANVI_128dim_20230115.csv","/home/ubuntu/single_cell/more_pro/impute_protein_pipeline/train_reference_datasets/by_cell_type/ADT_CLR_file/file_C_NK cell_TS_NI_2021_BM_all_cell_combined_6_training_datasets_ADT_CLR_20230115.csv","NK cell",14,0,0,"TS_NI_2021_BM","bone marrow","healthy"
"71","/home/ubuntu/single_cell/more_pro/impute_protein_pipeline/train_reference_datasets/by_cell_type/file_B_SCANVI_latent_representation/file_B_NK cell_GSM4972212_all_cell_ref_combined_6_training_datasets_RNA_latent_representations_SCANVI_128dim_20230115.csv","/home/ubuntu/single_cell/more_pro/impute_protein_pipeline/train_reference_datasets/by_cell_type/ADT_CLR_file/file_C_NK cell_GSM4972212_all_cell_combined_6_training_datasets_ADT_CLR_20230115.csv","NK cell",14,1,2,"GSM4972212","brain","glioblastoma"
"72","/home/ubuntu/single_cell/more_pro/impute_protein_pipeline/train_reference_datasets/by_cell_type/file_B_SCANVI_latent_representation/file_B_NK cell_GSM5008738_all_cell_ref_combined_6_training_datasets_RNA_latent_representations_SCANVI_128dim_20230115.csv","/home/ubuntu/single_cell/more_pro/impute_protein_pipeline/train_reference_datasets/by_cell_type/ADT_CLR_file/file_C_NK cell_GSM5008738_all_cell_combined_6_training_datasets_ADT_CLR_20230115.csv","NK cell",14,2,0,"GSM5008738","blood","healthy"
"73","/home/ubuntu/single_cell/more_pro/impute_protein_pipeline/train_reference_datasets/by_cell_type/file_B_SCANVI_latent_representation/file_B_NK cell_GSM5242793_all_cell_ref_combined_6_training_datasets_RNA_latent_representations_SCANVI_128dim_20230115.csv","/home/ubuntu/single_cell/more_pro/impute_protein_pipeline/train_reference_datasets/by_cell_type/ADT_CLR_file/file_C_NK cell_GSM5242793_all_cell_combined_6_training_datasets_ADT_CLR_20230115.csv","NK cell",14,4,1,"GSM5242793","peritoneum","mesothelioma"
"74","/home/ubuntu/single_cell/more_pro/impute_protein_pipeline/train_reference_datasets/by_cell_type/file_B_SCANVI_latent_representation/file_B_NK cell_GSM5242791_all_cell_ref_combined_6_training_datasets_RNA_latent_representations_SCANVI_128dim_20230115.csv","/home/ubuntu/single_cell/more_pro/impute_protein_pipeline/train_reference_datasets/by_cell_type/ADT_CLR_file/file_C_NK cell_GSM5242791_all_cell_combined_6_training_datasets_ADT_CLR_20230115.csv","NK cell",14,3,1,"GSM5242791","pleura","mesothelioma"
"75","/home/ubuntu/single_cell/more_pro/impute_protein_pipeline/train_reference_datasets/by_cell_type/file_B_SCANVI_latent_representation/file_B_NK cell_GSE143363_all_cell_ref_combined_6_training_datasets_RNA_latent_representations_SCANVI_128dim_20230115.csv","/home/ubuntu/single_cell/more_pro/impute_protein_pipeline/train_reference_datasets/by_cell_type/ADT_CLR_file/file_C_NK cell_GSE143363_all_cell_combined_6_training_datasets_ADT_CLR_20230115.csv","NK cell",14,0,3,"GSE143363","bone marrow","leukemia"
"76","/home/ubuntu/single_cell/more_pro/impute_protein_pipeline/train_reference_datasets/by_cell_type/file_B_SCANVI_latent_representation/file_B_Platelets_TS_NI_2021_BM_all_cell_ref_combined_6_training_datasets_RNA_latent_representations_SCANVI_128dim_20230115.csv","/home/ubuntu/single_cell/more_pro/impute_protein_pipeline/train_reference_datasets/by_cell_type/ADT_CLR_file/file_C_Platelets_TS_NI_2021_BM_all_cell_combined_6_training_datasets_ADT_CLR_20230115.csv","Platelets",15,0,0,"TS_NI_2021_BM","bone marrow","healthy"
"77","/home/ubuntu/single_cell/more_pro/impute_protein_pipeline/train_reference_datasets/by_cell_type/file_B_SCANVI_latent_representation/file_B_Platelets_GSM5008738_all_cell_ref_combined_6_training_datasets_RNA_latent_representations_SCANVI_128dim_20230115.csv","/home/ubuntu/single_cell/more_pro/impute_protein_pipeline/train_reference_datasets/by_cell_type/ADT_CLR_file/file_C_Platelets_GSM5008738_all_cell_combined_6_training_datasets_ADT_CLR_20230115.csv","Platelets",15,2,0,"GSM5008738","blood","healthy"
"78","/home/ubuntu/single_cell/more_pro/impute_protein_pipeline/train_reference_datasets/by_cell_type/file_B_SCANVI_latent_representation/file_B_Platelets_GSE143363_all_cell_ref_combined_6_training_datasets_RNA_latent_representations_SCANVI_128dim_20230115.csv","/home/ubuntu/single_cell/more_pro/impute_protein_pipeline/train_reference_datasets/by_cell_type/ADT_CLR_file/file_C_Platelets_GSE143363_all_cell_combined_6_training_datasets_ADT_CLR_20230115.csv","Platelets",15,0,3,"GSE143363","bone marrow","leukemia"
"79","/home/ubuntu/single_cell/more_pro/impute_protein_pipeline/train_reference_datasets/by_cell_type/file_B_SCANVI_latent_representation/file_B_Pro-Myelocyte_TS_NI_2021_BM_all_cell_ref_combined_6_training_datasets_RNA_latent_representations_SCANVI_128dim_20230115.csv","/home/ubuntu/single_cell/more_pro/impute_protein_pipeline/train_reference_datasets/by_cell_type/ADT_CLR_file/file_C_Pro-Myelocyte_TS_NI_2021_BM_all_cell_combined_6_training_datasets_ADT_CLR_20230115.csv","Pro-Myelocyte",16,0,0,"TS_NI_2021_BM","bone marrow","healthy"
"80","/home/ubuntu/single_cell/more_pro/impute_protein_pipeline/train_reference_datasets/by_cell_type/file_B_SCANVI_latent_representation/file_B_Pro-Myelocyte_GSM5008738_all_cell_ref_combined_6_training_datasets_RNA_latent_representations_SCANVI_128dim_20230115.csv","/home/ubuntu/single_cell/more_pro/impute_protein_pipeline/train_reference_datasets/by_cell_type/ADT_CLR_file/file_C_Pro-Myelocyte_GSM5008738_all_cell_combined_6_training_datasets_ADT_CLR_20230115.csv","Pro-Myelocyte",16,2,0,"GSM5008738","blood","healthy"
"81","/home/ubuntu/single_cell/more_pro/impute_protein_pipeline/train_reference_datasets/by_cell_type/file_B_SCANVI_latent_representation/file_B_Pro-Myelocyte_GSE143363_all_cell_ref_combined_6_training_datasets_RNA_latent_representations_SCANVI_128dim_20230115.csv","/home/ubuntu/single_cell/more_pro/impute_protein_pipeline/train_reference_datasets/by_cell_type/ADT_CLR_file/file_C_Pro-Myelocyte_GSE143363_all_cell_combined_6_training_datasets_ADT_CLR_20230115.csv","Pro-Myelocyte",16,0,3,"GSE143363","bone marrow","leukemia"
